"Gene","Degree","Betweenness","Eigen_Centrality","Community","Functional_Category","NDD_Association","Hub_Status"
"CASP3",90,20650.0691176201,0.892662902387159,5,"Immune Signaling","No","Hub"
"CREBBP",88,20429.676898904,0.777660833099964,5,"Cell Signaling","No","Hub"
"UBC",86,13890.1825240748,0.614403530134425,5,"Cell Signaling","No","Hub"
"STAT3",80,14193.2350720551,1,5,"Immune Signaling","No","Hub"
"PTK2B",60,8592.63557012189,0.469275215477311,11,"Cell Signaling","No","Hub"
"IGF1R",58,6203.77788329425,0.722153471457141,11,"Cell Signaling","No","Hub"
"CBL",56,7284.13007553397,0.535601283961462,11,"Cell Signaling","No","Hub"
"AR",56,9045.73158770943,0.712000627531919,5,"Other Functions","No","Hub"
"IRS1",52,6676.48698876722,0.516972188697243,11,"Cell Signaling","No","Hub"
"SMAD3",52,4707.23537733924,0.746528187223577,5,"Cell Signaling","No","Hub"
"NRXN1",52,6531.42527534916,0.169368245520522,7,"Synaptic Organization","Yes","Hub"
"GRIA1",52,7891.89756301074,0.228056766529692,7,"Synaptic Organization","No","Hub"
"TFRC",50,11318.8760636223,0.314254999579373,8,"Other Functions","No","Hub"
"RBX1",48,8167.88225091635,0.441597272189567,5,"Other Functions","No","Hub"
"CDH2",48,7829.5648841551,0.582872209608051,5,"Other Functions","No","Hub"
"GNAI1",48,6363.72290270593,0.30897887866658,7,"Cell Signaling","No","Hub"
"HDAC4",46,7336.11579670466,0.515067220636248,5,"Other Functions","No","Hub"
"LEF1",46,4045.10319850564,0.577371931725354,5,"Other Functions","No","Hub"
"SH3GL2",46,7008.77169551568,0.322343997792631,11,"Other Functions","No","Hub"
"RBPJ",44,4906.40771281398,0.465718753154798,5,"Other Functions","No","Hub"
"DLG1",44,5971.72260457357,0.151746925791663,7,"Synaptic Organization","No","Hub"
"YWHAB",44,6183.54108916371,0.284779699889127,11,"Other Functions","No","Hub"
"KITLG",42,4339.76675435097,0.399351857067909,8,"Other Functions","No","Hub"
"SMARCA2",42,1914.04464667693,0.29625270556345,2,"Other Functions","No","Hub"
"SMAD4",42,2833.15145538124,0.627012511041803,5,"Cell Signaling","No","Hub"
"PRKN",42,7588.98619965596,0.280422493772494,5,"Other Functions","No","Hub"
"NFKB1",40,3605.90907482049,0.494293016731498,5,"Immune Signaling","No","Hub"
"BIN1",40,5341.50034934676,0.188718886843197,11,"Other Functions","No","Hub"
"CD86",40,5317.55969744531,0.314881007478703,8,"Immune Signaling","No","Hub"
"ATRX",40,2903.23243999654,0.280056088920987,2,"Other Functions","No","Hub"
"DLG2",40,2700.98644104927,0.128115797214205,7,"Synaptic Organization","No","Hub"
"EDN1",38,3853.40907227796,0.397709585113731,7,"Other Functions","No","Hub"
"SH3KBP1",38,2837.28544975494,0.293086986316072,11,"Other Functions","No","Hub"
"ITCH",38,3180.83573705655,0.356445957570374,5,"Other Functions","No","Hub"
"PRKCB",36,3951.09539118338,0.29276204747507,7,"Cell Signaling","No","Hub"
"GNAL",36,5099.76226351551,0.11433987501543,7,"Other Functions","No","Hub"
"DNMT1",36,5019.00615135475,0.453119364398868,5,"Other Functions","No","Hub"
"ROCK1",36,5841.85567789817,0.335075213317637,11,"Cell Signaling","No","Hub"
"GNG5",34,2964.06140208057,0.123889999091671,7,"Other Functions","No","Hub"
"VAV1",34,2283.57582853585,0.232504833008746,8,"Immune Signaling","No","Hub"
"GRID2",32,2541.28379649143,0.124577818422525,7,"Other Functions","No","Hub"
"MYO1E",32,6159.83931396857,0.0754831588927937,10,"Other Functions","No","Hub"
"CTBP1",32,5262.71451191062,0.284990534771912,5,"Other Functions","No","Hub"
"DDX10",32,2921.07112107187,0.0389420236123891,6,"Other Functions","No","Hub"
"AKAP13",32,4563.77419728776,0.0771709425697654,7,"Other Functions","No","Hub"
"SMURF1",32,1588.14737603012,0.350599639928238,5,"Other Functions","No","Hub"
"PECAM1",32,2717.21668578368,0.3922672428686,8,"Immune Signaling","No","Hub"
"PAK1",30,3540.10682500796,0.167438098495711,8,"Cell Signaling","No","Hub"
"ANK3",30,1902.04820974786,0.125458834834268,7,"Synaptic Organization","Yes","Hub"
"ATP2B2",30,5017.796539478,0.0775582204726068,7,"Other Functions","No","Hub"
"IFNB1",30,1817.67827930647,0.311756203176441,8,"Immune Signaling","No","Hub"
"XIAP",30,2133.11742106461,0.334988434106034,5,"Other Functions","No","Hub"
"EPS15L1",30,2977.88044033149,0.227376737872087,11,"Other Functions","No","Hub"
"TAF1L",30,2878.61372614339,0.144797182379235,2,"Other Functions","No","Hub"
"FMN1",30,3269.47316138061,0.0928409000061795,9,"Other Functions","No","Hub"
"NTN1",28,2469.47389580288,0.0709896125564914,3,"Other Functions","No","Hub"
"CHN2",28,3919.01397604367,0.0462573948132498,7,"Other Functions","No","Hub"
"ZAP70",28,2080.55229631713,0.288417595573213,8,"Immune Signaling","No","Hub"
"CTNND2",28,3269.40638857738,0.15871519265894,7,"Other Functions","No","Hub"
"CACNB2",28,3169.74626163404,0.0839771322007622,7,"Synaptic Organization","Yes","Hub"
"PDE4D",28,3277.99450476824,0.0622785700460157,7,"Other Functions","No","Hub"
"ARHGEF2",28,2049.44355358284,0.0933606891139559,7,"Other Functions","No","Hub"
"BCL2",28,2646.72710859006,0.241808108670265,5,"Other Functions","No","Hub"
"AGFG1",28,4526.09356865151,0.0342229874501641,9,"Other Functions","No","Hub"
"GPHN",28,6649.8573204835,0.0905933352902228,7,"Synaptic Organization","No","Hub"
"RAD51B",28,1722.09322814753,0.151713867964543,2,"Other Functions","No","Hub"
"EXOC4",26,2800.62648608864,0.0522237216370953,9,"Other Functions","No","Hub"
"GAB1",26,1709.88943833023,0.275429703586053,11,"Other Functions","No","Hub"
"LPL",26,3636.42467655153,0.142366865343639,2,"Other Functions","No","Hub"
"CAMK2D",26,2821.364742639,0.171065030980048,7,"Other Functions","No","Hub"
"AKAP9",26,1757.39844569349,0.0841816092477226,7,"Other Functions","No","Hub"
"TOP1",26,3053.83224139774,0.199532525279656,2,"Other Functions","No","Hub"
"IMMP2L",26,3035.34087638486,0.083616430092381,7,"Other Functions","No","Hub"
"ARHGAP35",26,3507.1344592979,0.110252816863139,7,"Other Functions","No","Hub"
"PWP1",26,2211.3367196066,0.0377258130258103,6,"Other Functions","No","Hub"
"SCFD1",26,3213.80092859178,0.0308672535367738,9,"Other Functions","No","Hub"
"RBBP8",26,1237.3273878006,0.173777044686507,2,"Other Functions","No","Hub"
"CAPZB",26,4368.16705863183,0.102341113839088,11,"Other Functions","No","Hub"
"ERCC1",24,2534.30981722052,0.14879549170652,2,"Other Functions","No","Non-Hub"
"KCNA5",24,849.373201810419,0.0925302096920079,7,"Other Functions","No","Non-Hub"
"PTCH1",24,1893.10574630145,0.326382512644009,5,"Other Functions","No","Non-Hub"
"PLA2G4A",24,4970.29612256418,0.116276939319697,19,"Other Functions","No","Non-Hub"
"SEC63",24,3312.95013382614,0.0117540656662763,9,"Other Functions","No","Non-Hub"
"CXCR3",24,2104.32989061612,0.192874156402741,8,"Other Functions","No","Non-Hub"
"PIP4K2A",24,2046.65699124069,0.0641039127214823,11,"Other Functions","No","Non-Hub"
"TLR7",24,1133.01415436825,0.166758765405724,8,"Other Functions","No","Non-Hub"
"ITSN1",24,2169.52878108316,0.124825539947433,11,"Other Functions","No","Non-Hub"
"CARD11",24,1043.43884041747,0.239200354289621,8,"Other Functions","No","Non-Hub"
"DPP10",24,2334.09177148717,0.0495680151593867,7,"Other Functions","No","Non-Hub"
"ETS1",24,4490.98358134898,0.353520642261535,5,"Other Functions","No","Non-Hub"
"NLGN1",24,1335.03461645723,0.138891460536719,7,"Synaptic Organization","Yes","Non-Hub"
"MYO5A",24,2199.01591905983,0.0830285915660342,9,"Other Functions","No","Non-Hub"
"KCNJ2",22,1207.53632466824,0.0531749487854993,7,"Other Functions","No","Non-Hub"
"KRR1",22,1148.15787812976,0.0132662183902899,6,"Other Functions","No","Non-Hub"
"ARHGAP26",22,1423.85254938698,0.0618081107478542,7,"Other Functions","No","Non-Hub"
"UTP6",22,1691.28568708948,0.0103836320390972,6,"Other Functions","No","Non-Hub"
"OLIG2",22,2010.77714251809,0.209817788891339,5,"Other Functions","No","Non-Hub"
"UBE2E1",22,806.753826778408,0.213898609227796,5,"Other Functions","No","Non-Hub"
"SPRY2",22,1821.04496291044,0.206957813730057,11,"Other Functions","No","Non-Hub"
"APBB1IP",22,736.449704445113,0.137402892886676,11,"Other Functions","No","Non-Hub"
"PARD3",22,1829.7954032994,0.198589119629,5,"Other Functions","No","Non-Hub"
"VPS45",22,1823.61822339375,0.0370211476064801,9,"Other Functions","No","Non-Hub"
"PSME4",22,2521.47354649324,0.139617062012008,5,"Other Functions","No","Non-Hub"
"PLD3",22,1792.92342211135,0.0864479250742086,11,"Other Functions","No","Non-Hub"
"ITGA6",22,1854.35206929828,0.243049459969244,5,"Other Functions","No","Non-Hub"
"ANGPT1",22,1331.87621861677,0.27253044580026,8,"Other Functions","No","Non-Hub"
"SMARCD3",20,877.862578650837,0.131335892934163,5,"Other Functions","No","Non-Hub"
"SPARC",20,5508.82380853349,0.0929078497016251,17,"Other Functions","No","Non-Hub"
"ANK1",20,1227.27362272991,0.0946007167043323,9,"Other Functions","No","Non-Hub"
"USP15",20,646.534017575397,0.221630728568085,5,"Other Functions","No","Non-Hub"
"SEMA3D",20,775.075725427259,0.0711923383822716,3,"Other Functions","No","Non-Hub"
"NT5C2",20,3664.68291780237,0.0656415792432343,7,"Other Functions","No","Non-Hub"
"COG5",20,1096.70031386356,0.0272227471347306,9,"Other Functions","No","Non-Hub"
"CNDP2",20,2247.4707584787,0.011878219443521,15,"Other Functions","No","Non-Hub"
"BLM",20,343.849880902547,0.142445408196857,2,"Other Functions","No","Non-Hub"
"FERMT2",20,650.682772964413,0.15003591797613,11,"Other Functions","No","Non-Hub"
"PSEN2",20,1950.03732675062,0.142407507897765,5,"Other Functions","No","Non-Hub"
"PLXNA2",20,1802.36088890401,0.0438969343633087,3,"Other Functions","No","Non-Hub"
"SGIP1",20,1181.03701753635,0.0813513855172714,11,"Other Functions","No","Non-Hub"
"LPAR1",20,1893.96384094452,0.17718520788513,7,"Other Functions","No","Non-Hub"
"KSR1",20,1287.74219659907,0.0725362007066165,7,"Other Functions","No","Non-Hub"
"MAP3K1",20,1057.16927068005,0.151306382921932,8,"Other Functions","No","Non-Hub"
"PLXNB2",20,3010.36758348807,0.0826694094737005,3,"Other Functions","No","Non-Hub"
"GPATCH4",20,1470.97361517935,0.0270433236401493,6,"Other Functions","No","Non-Hub"
"ASAP1",20,972.909339401912,0.113297594092619,11,"Other Functions","No","Non-Hub"
"FGF6",18,205.584225612128,0.249798977683777,11,"Other Functions","No","Non-Hub"
"LRPPRC",18,3953.58693613686,0.105459100876538,5,"Other Functions","No","Non-Hub"
"FERMT3",18,392.418129269316,0.0718060887472018,11,"Other Functions","No","Non-Hub"
"PLXNC1",18,1856.04556814712,0.0283878250583164,3,"Other Functions","No","Non-Hub"
"HTR2C",18,1714.64213905375,0.0516957886948515,7,"Other Functions","No","Non-Hub"
"NEUROD1",18,2386.46439772226,0.141591017228699,12,"Other Functions","No","Non-Hub"
"PIWIL4",18,1953.23814296814,0.0766601220319129,6,"Other Functions","No","Non-Hub"
"KAT6B",18,368.395409758779,0.158036443621727,2,"Other Functions","No","Non-Hub"
"GABBR2",18,1090.64817404746,0.08998139873418,7,"Other Functions","No","Non-Hub"
"SEC23B",18,1870.28393010183,0.0195106744866088,9,"Other Functions","No","Non-Hub"
"EPB41L3",18,499.122054192573,0.0883905812761118,7,"Other Functions","No","Non-Hub"
"PIK3C2B",18,706.634471776427,0.0505956908401117,11,"Other Functions","No","Non-Hub"
"PPP2R2A",18,2020.68687464003,0.0863155180078514,13,"Other Functions","No","Non-Hub"
"PTPN14",18,1758.875739076,0.0917252156769466,10,"Other Functions","No","Non-Hub"
"SNX5",18,2344.20614798872,0.0710139111214876,9,"Other Functions","No","Non-Hub"
"AGO4",18,1156.80721867885,0.0873660611748839,6,"Other Functions","No","Non-Hub"
"MLLT3",18,1194.91796624683,0.12806536831775,2,"Other Functions","No","Non-Hub"
"KCNQ3",18,325.888699314769,0.0544012384709123,7,"Synaptic Organization","Yes","Non-Hub"
"PTPRA",18,1968.57091033026,0.0551722650158395,10,"Other Functions","No","Non-Hub"
"UNC13B",18,1126.55930132035,0.0323151038471566,9,"Other Functions","No","Non-Hub"
"SUPT3H",18,3207.97959665661,0.0765794130613269,2,"Other Functions","No","Non-Hub"
"NOLC1",18,1883.19240664384,0.0129097153626312,6,"Other Functions","No","Non-Hub"
"CYP19A1",18,1655.05914248686,0.169326496966799,5,"Other Functions","No","Non-Hub"
"FHIT",18,1423.44902838149,0.161706788259875,5,"Other Functions","No","Non-Hub"
"PHC3",18,702.820650035196,0.148903540466537,5,"Other Functions","No","Non-Hub"
"TLN2",18,1127.15529861728,0.125644704402061,11,"Other Functions","No","Non-Hub"
"NTF3",18,460.200711638898,0.26217019323122,11,"Other Functions","No","Non-Hub"
"TBC1D1",16,1964.94283205896,0.0962760204905576,11,"Other Functions","No","Non-Hub"
"PEPD",16,1934.3075178528,0.0200741016897412,15,"Other Functions","No","Non-Hub"
"RHEB",16,1131.95560729619,0.116381764866087,11,"Other Functions","No","Non-Hub"
"APBA1",16,505.25170403624,0.0605118547055369,7,"Other Functions","No","Non-Hub"
"ARL1",16,620.436239435022,0.021097742504319,9,"Other Functions","No","Non-Hub"
"RIOK2",16,272.211914974959,0.0126340228580528,6,"Other Functions","No","Non-Hub"
"CPSF2",16,1187.84344546287,0.0280467376723366,6,"Other Functions","No","Non-Hub"
"TRMT61B",16,1002.16582352184,0.0148697433424954,6,"Other Functions","No","Non-Hub"
"TANC1",16,2686.71745127901,0.0528472103179343,7,"Other Functions","No","Non-Hub"
"PRKCE",16,416.745991535811,0.202604568702478,7,"Other Functions","No","Non-Hub"
"PRKCH",16,2894.81800427571,0.107026494180727,7,"Other Functions","No","Non-Hub"
"UVRAG",16,1950.29838396058,0.0736505329139438,19,"Other Functions","No","Non-Hub"
"CTNNAL1",16,2052.12344751786,0.0701305484003789,18,"Other Functions","No","Non-Hub"
"STX7",16,1269.69291834452,0.0110284630426164,9,"Other Functions","No","Non-Hub"
"CECR2",16,321.569697614553,0.0676095454737926,2,"Other Functions","No","Non-Hub"
"OPHN1",16,1422.42946656126,0.0771922931950984,11,"Other Functions","No","Non-Hub"
"ARID1B",16,269.948518218058,0.114780298944401,2,"Other Functions","Yes","Non-Hub"
"SMC5",16,466.652045445051,0.116478891665137,2,"Other Functions","No","Non-Hub"
"LEPR",16,1066.51191009798,0.213027015840984,8,"Other Functions","No","Non-Hub"
"BCL11B",16,369.76778792024,0.178184226845375,5,"Other Functions","No","Non-Hub"
"WASF1",16,1393.64071308198,0.0440728182679375,7,"Other Functions","No","Non-Hub"
"CHM",16,1735.81047419927,0.011192756719213,9,"Other Functions","No","Non-Hub"
"HDAC9",16,160.984396665396,0.170788517929049,5,"Other Functions","No","Non-Hub"
"THADA",16,1863.82269561832,0.00772407562632274,6,"Other Functions","No","Non-Hub"
"OTUD7B",16,1507.81139277997,0.106600991864513,5,"Other Functions","No","Non-Hub"
"SEM1",16,370.156793656369,0.135969496821306,5,"Other Functions","No","Non-Hub"
"ATXN1",14,1134.23741649407,0.165555224585048,5,"Other Functions","No","Non-Hub"
"IL10RA",14,160.154286104647,0.143102148434597,8,"Other Functions","No","Non-Hub"
"CD22",14,987.019158004717,0.0902664563541624,8,"Other Functions","No","Non-Hub"
"PDE7B",14,1187.27207509823,0.0108536112163364,7,"Other Functions","No","Non-Hub"
"PDE8A",14,782.694675387933,0.0123135867033316,7,"Other Functions","No","Non-Hub"
"LRRFIP2",14,1439.20082879432,0.0225899164830409,18,"Other Functions","No","Non-Hub"
"HIP1",14,677.74509160453,0.118115489352595,11,"Other Functions","No","Non-Hub"
"KIF13A",14,814.457777260291,0.0484164713811862,9,"Other Functions","No","Non-Hub"
"WIPI2",14,1821.05341483263,0.020370585890192,19,"Other Functions","No","Non-Hub"
"BTAF1",14,272.468320065946,0.0718757215610843,2,"Other Functions","No","Non-Hub"
"JARID2",14,93.9864161193223,0.108567099593786,5,"Other Functions","No","Non-Hub"
"BDP1",14,734.789760524503,0.0755065990147914,2,"Other Functions","No","Non-Hub"
"SIAH1",14,528.937624370142,0.116873373203497,5,"Other Functions","No","Non-Hub"
"MKLN1",14,2516.92098325607,0.00901448949586324,9,"Other Functions","No","Non-Hub"
"COG2",14,116.074542698433,0.0230779457219436,9,"Other Functions","No","Non-Hub"
"AHI1",14,1162.90775700158,0.00639344140961659,13,"Other Functions","No","Non-Hub"
"COL24A1",14,2268.74738466005,0.0200492057677136,10,"Other Functions","No","Non-Hub"
"ALDH9A1",14,930.528215155191,0.0190503393157048,15,"Other Functions","No","Non-Hub"
"TP53BP2",14,581.86967442311,0.098778171076332,5,"Other Functions","No","Non-Hub"
"KCNIP4",14,661.615036901115,0.0254911626710882,7,"Other Functions","No","Non-Hub"
"DAAM1",14,299.869931719584,0.0502860931419645,9,"Other Functions","No","Non-Hub"
"VWA8",14,1754.13874448397,0.0103052283138171,11,"Other Functions","No","Non-Hub"
"TBC1D4",14,1416.66179564953,0.0584562273706126,9,"Other Functions","No","Non-Hub"
"SLC8A1",14,1117.31421027783,0.026097865934309,7,"Other Functions","No","Non-Hub"
"GRM2",14,275.94651333033,0.0584624985785787,7,"Other Functions","No","Non-Hub"
"PRKAR1B",14,478.689839085416,0.0695565101439904,7,"Other Functions","No","Non-Hub"
"RGS6",14,2707.0561139227,0.0676716386588077,7,"Other Functions","No","Non-Hub"
"IGLL5",14,814.07176109999,0.0497389370145336,11,"Other Functions","No","Non-Hub"
"ECHDC1",14,1393.37234556373,0.026156446654517,15,"Other Functions","No","Non-Hub"
"CMSS1",14,822.349937398418,0.00654056429994895,6,"Other Functions","No","Non-Hub"
"ROBO2",14,967.601442386865,0.0645538183903503,3,"Other Functions","No","Non-Hub"
"SPCS3",14,1459.68289563997,0.0319787753821747,15,"Other Functions","No","Non-Hub"
"HTR2A",14,679.275784034349,0.0643831752240896,7,"Other Functions","No","Non-Hub"
"LPP",14,686.809287647496,0.0389766867212243,9,"Other Functions","No","Non-Hub"
"MACROD2",12,1044.84298552576,0.0368130839268977,14,"Other Functions","No","Non-Hub"
"DHTKD1",12,1416.39422354441,0.0058089143980463,3,"Other Functions","No","Non-Hub"
"GRB14",12,1355.10278904796,0.104867436706164,11,"Other Functions","No","Non-Hub"
"PTPRO",12,460.37019114437,0.0705389638222266,10,"Other Functions","No","Non-Hub"
"DGKD",12,1504.02998433359,0.0571227266180889,11,"Other Functions","No","Non-Hub"
"MED13L",12,241.52556245808,0.078382420634864,2,"Other Functions","No","Non-Hub"
"TP63",12,156.160224943885,0.061606213023221,5,"Other Functions","No","Non-Hub"
"LOC102724945",12,851.138766564084,0.104026218095919,5,"Other Functions","No","Non-Hub"
"LRFN5",12,791.819374475668,0.0393235903926679,7,"Other Functions","No","Non-Hub"
"RTN1",12,1155.4596587249,0.00740581167024216,9,"Other Functions","No","Non-Hub"
"UPB1",12,622.209581585836,0.00879109779547265,15,"Other Functions","No","Non-Hub"
"WNT10B",12,83.6105096493589,0.0814947343551997,5,"Other Functions","No","Non-Hub"
"CREB3L2",12,865.215915284402,0.109472284768554,5,"Other Functions","No","Non-Hub"
"ACVR2A",12,597.795581788701,0.120099061424292,5,"Other Functions","No","Non-Hub"
"EDNRA",12,490.82523232712,0.0604400763364907,7,"Other Functions","No","Non-Hub"
"TAF5L",12,284.273892332125,0.0387466356858064,2,"Other Functions","No","Non-Hub"
"DPY19L2",12,1459.93937226063,0.00296201890781826,1,"Other Functions","No","Non-Hub"
"LMO1",12,540.456927797456,0.0349152470238796,5,"Other Functions","No","Non-Hub"
"RAB27B",12,664.111083948868,0.0149749484709273,9,"Other Functions","No","Non-Hub"
"AP3S1",12,320.09922895753,0.0889903408066162,11,"Other Functions","No","Non-Hub"
"DNER",12,973.420083841164,0.0558523314637906,7,"Other Functions","No","Non-Hub"
"PPFIA4",12,514.008247790622,0.0164474512302326,11,"Other Functions","No","Non-Hub"
"PTGER3",12,244.916666433413,0.0713307966253945,7,"Other Functions","No","Non-Hub"
"ACSL5",12,1273.86777548398,0.0748687792184261,15,"Other Functions","No","Non-Hub"
"SPATA16",12,866.863077848275,0.00329471351149444,1,"Other Functions","No","Non-Hub"
"DDX20",12,1041.58606283432,0.0440907613332129,6,"Other Functions","No","Non-Hub"
"GBF1",12,415.05858047004,0.0209885074223743,9,"Other Functions","No","Non-Hub"
"MAP2K3",12,407.908991232187,0.124402020305807,8,"Other Functions","No","Non-Hub"
"MFSD14A",12,1147.1788053224,0.00636379994551352,1,"Other Functions","No","Non-Hub"
"ZBTB16",12,91.0223233132171,0.222393231053082,5,"Other Functions","No","Non-Hub"
"LCOR",12,217.520448287323,0.0896697383426147,5,"Other Functions","No","Non-Hub"
"PI4K2A",12,400.945550307419,0.0380366731567544,11,"Other Functions","No","Non-Hub"
"OTUD1",12,220.687245100366,0.0925990531759551,5,"Other Functions","No","Non-Hub"
"PCLO",12,575.634331293911,0.0363669775436631,9,"Other Functions","No","Non-Hub"
"MAFB",12,2709.8419959363,0.0382164419335588,12,"Other Functions","No","Non-Hub"
"MITF",12,196.307843069007,0.116830414458763,5,"Other Functions","No","Non-Hub"
"MIR5193",12,859.642980629708,0.105555998322375,5,"Other Functions","No","Non-Hub"
"BCAS3",12,1497.29243446189,0.00277699883623161,9,"Other Functions","No","Non-Hub"
"AEBP2",12,149.101936094966,0.0595593336054081,5,"Other Functions","No","Non-Hub"
"KIF16B",12,1157.19278777643,0.0131418737784851,11,"Other Functions","No","Non-Hub"
"PKP4",12,1043.38238114178,0.0655730886411227,18,"Other Functions","No","Non-Hub"
"MDN1",12,1792.53450014675,0.0433437887505274,6,"Other Functions","No","Non-Hub"
"PSAT1",12,1639.75290477465,0.0232329031968339,1,"Other Functions","No","Non-Hub"
"MBD5",12,614.136556669946,0.07875740264758,5,"Other Functions","No","Non-Hub"
"AAK1",12,232.984177550454,0.0609969000236001,11,"Other Functions","No","Non-Hub"
"WDR72",12,1080.96124335006,0.0108271664900818,12,"Other Functions","No","Non-Hub"
"TNIK",12,543.45805429409,0.0383613677309029,7,"Other Functions","No","Non-Hub"
"CWC27",12,1019.46083364372,0.00893117073567575,6,"Other Functions","No","Non-Hub"
"BAZ2B",12,349.762705240097,0.0563482975948904,2,"Other Functions","No","Non-Hub"
"RGS1",12,1592.84602203807,0.0621963386680319,7,"Other Functions","No","Non-Hub"
"PHACTR2",12,702.480874357835,0.0273215216735422,15,"Other Functions","No","Non-Hub"
"VPS53",12,281.235419325863,0.0146587377110338,9,"Other Functions","No","Non-Hub"
"PTPRG",12,354.830704047599,0.0286731835555807,10,"Other Functions","No","Non-Hub"
"AP3M2",12,457.885727091681,0.0472658224543946,11,"Other Functions","No","Non-Hub"
"ERI1",12,307.426656866474,0.0158221178126972,6,"Other Functions","No","Non-Hub"
"CELF1",12,861.329559002338,0.0660715394317061,11,"Other Functions","No","Non-Hub"
"TIAM2",12,591.509044986231,0.101176905756441,5,"Other Functions","No","Non-Hub"
"SH2B2",12,947.959109383264,0.0986339730902494,11,"Other Functions","No","Non-Hub"
"EML5",12,974.753279178859,0.0140936431282232,7,"Other Functions","No","Non-Hub"
"NUP62",12,287.666279039279,0.0526936080661817,6,"Other Functions","No","Non-Hub"
"PPP1R12B",12,1141.36830382667,0.038365961359169,11,"Other Functions","No","Non-Hub"
"ZPBP",10,213.226229199001,0.000605726157501394,1,"Other Functions","No","Non-Hub"
"CFAP61",10,488.653780813326,0.00145920044349237,1,"Other Functions","No","Non-Hub"
"USP37",10,671.10453867879,0.0507381979249574,6,"Other Functions","No","Non-Hub"
"ARHGAP20",10,756.663633878683,0.0300282279940873,6,"Other Functions","No","Non-Hub"
"RASGEF1B",10,379.716150555274,0.0152783131673791,7,"Other Functions","No","Non-Hub"
"GYPC",10,494.126593818215,0.0230638123945988,7,"Other Functions","No","Non-Hub"
"PTPN4",10,236.131793042979,0.0720748338773529,10,"Other Functions","No","Non-Hub"
"MOCOS",10,1833.36783038201,0.00804306609533043,1,"Other Functions","No","Non-Hub"
"SPG7",10,869.077660682084,0.029291560863208,5,"Other Functions","No","Non-Hub"
"ACAA2",10,162.247479438701,0.0128660492427638,15,"Other Functions","No","Non-Hub"
"CYTH3",10,882.95989156535,0.046817810381828,11,"Other Functions","No","Non-Hub"
"AIFM1",10,202.817461981184,0.101663188603756,5,"Other Functions","No","Non-Hub"
"RIN2",10,1886.36235118867,0.0152076898405647,1,"Other Functions","No","Non-Hub"
"FGD5",10,1137.70556459651,0.00725448430351282,1,"Other Functions","No","Non-Hub"
"MVD",10,354.354489675706,0.00940166089242777,15,"Other Functions","No","Non-Hub"
"KYNU",10,1108.17635505524,0.022672653326429,3,"Other Functions","No","Non-Hub"
"ICOS",10,712.59136109383,0.118634370944651,8,"Other Functions","No","Non-Hub"
"THNSL2",10,995.260230176771,0.00567957549517105,1,"Other Functions","No","Non-Hub"
"GNAT1",10,499.495536841695,0.0608718512000711,7,"Other Functions","No","Non-Hub"
"GOLM2",10,2442.36041150903,0.00755778066143205,1,"Other Functions","No","Non-Hub"
"STS",10,1306.79189566225,0.0632817388028393,5,"Other Functions","No","Non-Hub"
"ATP6V0A1",10,642.7549560227,0.0258915714102425,9,"Other Functions","No","Non-Hub"
"SRRM1",10,304.190757941335,0.0198678394986449,6,"Other Functions","No","Non-Hub"
"ARHGEF3",10,1919.33272255914,0.0287439871151296,1,"Other Functions","No","Non-Hub"
"INPP4A",10,134.091345037807,0.039451472020747,11,"Other Functions","No","Non-Hub"
"LMX1A",10,691.07251130801,0.0258590650160526,12,"Other Functions","No","Non-Hub"
"ADRA1B",10,406.140472243381,0.0472926042249611,7,"Other Functions","No","Non-Hub"
"SLC38A6",10,1820.17079236026,0.00785749877860593,19,"Other Functions","No","Non-Hub"
"RIT2",10,291.223486001184,0.0492306912389099,11,"Other Functions","No","Non-Hub"
"TDRD7",10,1448.62439807062,0.0127538486148809,6,"Other Functions","No","Non-Hub"
"CRB2",10,1099.59385493166,0.0773314476628794,5,"Other Functions","No","Non-Hub"
"ADAMTS14",10,852.931463997658,0.00354794983876655,12,"Other Functions","No","Non-Hub"
"TBC1D13",10,1194.23461172055,0.0111684172095506,13,"Other Functions","No","Non-Hub"
"IFNA8",10,57.7006362638135,0.127569212968034,8,"Other Functions","No","Non-Hub"
"ARX",10,495.562367490511,0.0168803751985158,12,"Other Functions","No","Non-Hub"
"ARPC5L",10,200.404275234742,0.0244631844016578,15,"Other Functions","No","Non-Hub"
"IQSEC2",10,654.201656208274,0.036471372293791,7,"Other Functions","No","Non-Hub"
"DSCAM",10,237.466550426638,0.0406334882884474,3,"Other Functions","Yes","Non-Hub"
"ASXL2",10,155.623747353567,0.066432958842573,5,"Other Functions","No","Non-Hub"
"COL4A3",10,652.765505653416,0.036380112648678,10,"Other Functions","No","Non-Hub"
"TCTN1",10,1948.0569291178,0.015690413466469,13,"Other Functions","No","Non-Hub"
"ADAMTSL1",10,805.202775713188,0.0170599605681233,7,"Other Functions","No","Non-Hub"
"PKHD1",10,1737.28582209211,0.0110573272956167,3,"Other Functions","No","Non-Hub"
"EFNA5",10,252.981843620376,0.0658867575908014,3,"Other Functions","No","Non-Hub"
"COPS8",10,1474.3468878674,0.0848192800564034,5,"Other Functions","No","Non-Hub"
"SLC12A3",10,1043.24404758785,0.0107746087612211,19,"Other Functions","No","Non-Hub"
"PTPRJ",10,256.662628225962,0.0340344260015015,10,"Other Functions","No","Non-Hub"
"KCNIP1",10,65.6937096790582,0.0143864055377508,7,"Other Functions","No","Non-Hub"
"C1GALT1",10,629.838463229279,0.00191677042955882,12,"Other Functions","No","Non-Hub"
"CHRNA7",10,326.340990454943,0.0221099385814361,7,"Other Functions","No","Non-Hub"
"POLN",10,559.267872790837,0.0719759314097271,2,"Other Functions","No","Non-Hub"
"TSHR",10,1875.69728891625,0.0571513672655296,10,"Other Functions","No","Non-Hub"
"ZDHHC17",10,452.688601275992,0.0437459013757474,8,"Other Functions","No","Non-Hub"
"GYPA",10,234.135386241265,0.0804632974205765,8,"Other Functions","No","Non-Hub"
"KBTBD8",10,1869.57136900908,0.0392150159330697,12,"Other Functions","No","Non-Hub"
"MRPL37",10,1322.49435733477,0.0101674654594344,1,"Other Functions","No","Non-Hub"
"HMGCS2",10,491.052955455415,0.06616611381213,15,"Other Functions","No","Non-Hub"
"OPALIN",10,346.662809522187,0.0252969949136026,7,"Other Functions","No","Non-Hub"
"CHD6",10,1034.82726130888,0.0801454339965171,2,"Other Functions","No","Non-Hub"
"GTF3A",10,1376.77167630804,0.0824709901326141,19,"Other Functions","No","Non-Hub"
"CAND1.11",10,187.265312713586,0.0102036224838543,7,"Other Functions","No","Non-Hub"
"SLC4A8",10,921.360354489262,0.00901499348831647,19,"Other Functions","No","Non-Hub"
"KCNAB1",10,136.650124619682,0.0222643787704842,7,"Other Functions","No","Non-Hub"
"ATP2C1",10,612.135390695835,0.0877438574211888,7,"Other Functions","No","Non-Hub"
"DENND2B",10,1080.82050396307,0.0170426386302561,15,"Other Functions","No","Non-Hub"
"FAM120B",10,1722.24994305778,0.0869413848962057,2,"Other Functions","No","Non-Hub"
"BCAT1",10,651.908581660771,0.00678702419935087,15,"Other Functions","No","Non-Hub"
"RAB31",10,154.721078428287,0.00999078506097033,9,"Other Functions","No","Non-Hub"
"DNAH11",10,702.356244819301,0.00150112536934709,1,"Other Functions","No","Non-Hub"
"CDYL2",10,1261.19443371729,0.0382681713150572,6,"Other Functions","No","Non-Hub"
"VPS13D",10,1385.86278049383,0.0170437166780734,11,"Other Functions","No","Non-Hub"
"RYK",10,184.98892528374,0.0871412886852484,5,"Other Functions","No","Non-Hub"
"LSR",10,641.411414996705,0.0341834576278612,11,"Other Functions","No","Non-Hub"
"KCNN3",10,176.067389585205,0.0334648460255152,7,"Other Functions","No","Non-Hub"
"HYAL4",8,759.103948559782,0.0360941448184602,6,"Other Functions","No","Non-Hub"
"SCT",8,100.833012761723,0.0103932205524253,7,"Other Functions","No","Non-Hub"
"RAB11FIP5",8,151.078604575003,0.0107045222251764,9,"Other Functions","No","Non-Hub"
"GPATCH2L",8,17.8825985609991,0.00589465947519627,6,"Other Functions","No","Non-Hub"
"ATF1",8,33.2341619849069,0.0772731408358625,5,"Other Functions","No","Non-Hub"
"PTPN18",8,26.7988891635971,0.0779787344616396,10,"Other Functions","No","Non-Hub"
"SMG6",8,1124.46985469953,0.00849253322637314,13,"Other Functions","No","Non-Hub"
"RALGPS1",8,903.104175336609,0.0125364907338859,2,"Other Functions","No","Non-Hub"
"LY9",8,10.234674200259,0.0609543041375933,8,"Other Functions","No","Non-Hub"
"OLFM2",8,139.358354906624,0.0569494214401629,7,"Other Functions","No","Non-Hub"
"RASA2",8,174.026932609694,0.0228316623708761,6,"Other Functions","No","Non-Hub"
"DGKG",8,265.735501417414,0.016046598973459,11,"Other Functions","No","Non-Hub"
"DKK2",8,66.6905237892675,0.0507513917195013,5,"Other Functions","No","Non-Hub"
"MARK4",8,276.396284314737,0.0196845852724413,7,"Other Functions","No","Non-Hub"
"ASAP2",8,4.69427191166322,0.0699964974653227,11,"Other Functions","No","Non-Hub"
"TNS3",8,771.345523082575,0.0137711657278374,18,"Other Functions","No","Non-Hub"
"SLC2A13",8,475.749347374804,0.0134700336933975,1,"Other Functions","No","Non-Hub"
"CARTPT",8,767.655788106548,0.0191553492213211,7,"Other Functions","No","Non-Hub"
"XCR1",8,98.6890235591393,0.0543111274954612,8,"Other Functions","No","Non-Hub"
"ACAD11",8,550.411049073264,0.00629039284075758,3,"Other Functions","No","Non-Hub"
"UNC13C",8,473.012456807008,0.0157563974601427,9,"Other Functions","No","Non-Hub"
"ARID5B",8,362.711011542367,0.055161894832834,18,"Other Functions","No","Non-Hub"
"SLC7A8",8,917.176371360904,0.000974684572306193,19,"Other Functions","No","Non-Hub"
"DMC1",8,0,0.0454219720633406,2,"Other Functions","No","Non-Hub"
"SLC39A14",8,97.1076998462388,0.0308122218756699,8,"Other Functions","No","Non-Hub"
"TTC7B",8,1658.75471303645,0.00656568165015973,7,"Other Functions","No","Non-Hub"
"SLC24A2",8,199.814805277496,0.0289083708134698,7,"Other Functions","No","Non-Hub"
"RNF144A",8,1073.71784130316,0.0421866814978214,1,"Other Functions","No","Non-Hub"
"RFTN1",8,849.100254348748,0.0025421117320141,3,"Other Functions","No","Non-Hub"
"CDK20",8,1425.67677492429,0.0699474707126088,1,"Other Functions","No","Non-Hub"
"ONECUT1",8,805.280882245596,0.0636777978777719,12,"Other Functions","No","Non-Hub"
"WHRN",8,186.874491940852,0.00774596426825962,10,"Other Functions","No","Non-Hub"
"SLC26A3",8,335.691798338807,0.0031935715468352,19,"Other Functions","No","Non-Hub"
"SLC46A2",8,1119.06496187602,0.00595004073163009,19,"Other Functions","No","Non-Hub"
"STXBP4",8,151.226823457976,0.0210567662234524,9,"Other Functions","No","Non-Hub"
"DTD1",8,860.003767819351,0.010935465859559,9,"Other Functions","No","Non-Hub"
"SASH1",8,1352.23591653514,0.0289670552558313,3,"Other Functions","No","Non-Hub"
"NRG2",8,259.456865679223,0.083194270508531,19,"Other Functions","No","Non-Hub"
"CYB5B",8,1787.74396946794,0.00488615798951401,12,"Other Functions","No","Non-Hub"
"PCDH15",8,360.767697617613,0.0111085358085259,10,"Other Functions","No","Non-Hub"
"FECH",8,807.233917393963,0.066403192981391,8,"Other Functions","No","Non-Hub"
"TAS2R1",8,126.349806448838,0.0213169015420435,7,"Other Functions","No","Non-Hub"
"BNC2",8,939.397141219525,0.0233447102272246,11,"Other Functions","No","Non-Hub"
"LMX1B",8,379.853552232607,0.0138621396402004,10,"Other Functions","No","Non-Hub"
"PIK3AP1",8,32.7890027819983,0.0429978318034648,11,"Other Functions","No","Non-Hub"
"TANK",8,108.455148538529,0.0818236828556065,8,"Other Functions","No","Non-Hub"
"SFMBT2",8,347.023046841867,0.00521987595724974,15,"Other Functions","No","Non-Hub"
"ASB3",8,805.794010777352,0.0465914629209523,3,"Other Functions","No","Non-Hub"
"FEZ2",8,287.680799508022,0.015428481721381,7,"Other Functions","No","Non-Hub"
"GALNT12",8,999.64313652094,0.000820433054783376,12,"Other Functions","No","Non-Hub"
"ATP8A2",8,416.050267294109,0.0108571292707756,9,"Other Functions","No","Non-Hub"
"GHITM",8,1511.76958188036,0.00075379912894706,10,"Other Functions","No","Non-Hub"
"AHCTF1",8,59.4400310328561,0.023406917368617,6,"Other Functions","No","Non-Hub"
"VARS1",8,304.040738638175,0.00248248056921318,15,"Other Functions","No","Non-Hub"
"RASGRP3",8,797.993070149551,0.0279752695336258,7,"Other Functions","No","Non-Hub"
"SLITRK6",8,763.928231810218,0.0206934428937258,15,"Other Functions","No","Non-Hub"
"SLC6A12",8,1220.16299462417,0.00695697078312935,12,"Other Functions","No","Non-Hub"
"FCHSD2",8,398.05166412191,0.0223377468360536,2,"Other Functions","No","Non-Hub"
"EXT1",8,925.134986743213,0.025631402018595,10,"Other Functions","No","Non-Hub"
"UTRN",8,302.981854156061,0.0556008997326525,18,"Other Functions","No","Non-Hub"
"PALLD",8,262.786994853017,0.0147284601413874,9,"Other Functions","No","Non-Hub"
"TBC1D5",8,181.433557596402,0.013675142663492,9,"Other Functions","No","Non-Hub"
"SMAP2",8,269.847821495357,0.00820076309307816,9,"Other Functions","No","Non-Hub"
"REEP5",8,206.950890297029,0.00297291422752371,9,"Other Functions","No","Non-Hub"
"LCORL",8,1286.52430391898,0.0207039242284232,14,"Other Functions","No","Non-Hub"
"OTOA",8,388.524829917502,0.0081309471249114,10,"Other Functions","No","Non-Hub"
"PNPLA7",8,881.245590591774,0.00876380940091985,19,"Other Functions","No","Non-Hub"
"LYPD6B",8,198.473007046677,0.0187148589800823,5,"Other Functions","No","Non-Hub"
"ADGRA2",8,1332.79352805264,0.0174260264519892,17,"Other Functions","No","Non-Hub"
"STK3",8,156.442099295104,0.0749939991191957,10,"Other Functions","No","Non-Hub"
"CFAP54",8,886.57080520512,0.00101768229121644,1,"Other Functions","No","Non-Hub"
"SPIC",8,1072.41080600428,0.00420555032918497,19,"Other Functions","No","Non-Hub"
"TEX13A",8,0,0.0067026218906538,6,"Other Functions","No","Non-Hub"
"TUBGCP5",8,112.088251479215,0.0111828911896265,7,"Other Functions","No","Non-Hub"
"CPQ",6,110.962466880695,0.0170161994189116,8,"Other Functions","No","Non-Hub"
"RALGAPA2",6,105.224526840342,0.00113589521529211,1,"Other Functions","No","Non-Hub"
"ALPK3",6,179.979510194258,0.0127258126924605,18,"Other Functions","No","Non-Hub"
"PARP12",6,118.100616901273,0.00956996611063918,14,"Other Functions","No","Non-Hub"
"MSI1",6,2816,0.00078805569975209,17,"Other Functions","No","Non-Hub"
"RASL11B",6,706,0.00237764212225121,1,"Other Functions","No","Non-Hub"
"EFR3A",6,620.766689724307,0.000629231096872404,7,"Other Functions","No","Non-Hub"
"TUT4",6,0,0.0118273236308852,6,"Other Functions","No","Non-Hub"
"SIDT1",6,175.517883511666,0.00740201753638433,6,"Other Functions","No","Non-Hub"
"CDV3",6,1133.68915510077,0.0302629457226981,1,"Other Functions","No","Non-Hub"
"PCOLCE2",6,251.451824168613,0.00174604916486344,10,"Other Functions","No","Non-Hub"
"SLAIN2",6,279.397513060811,0.013992104111655,8,"Other Functions","No","Non-Hub"
"GCLC",6,776.40906636685,0.0599314692211829,15,"Other Functions","No","Non-Hub"
"SORCS1",6,137.027136220321,0.0202772693678202,11,"Other Functions","No","Non-Hub"
"ULK4",6,52.7787526656641,0.00765675627272499,7,"Other Functions","No","Non-Hub"
"TIMD4",6,897.174871985847,0.0223654974883998,1,"Other Functions","No","Non-Hub"
"KIAA1328",6,820.445461565255,0.000156295400297996,10,"Other Functions","No","Non-Hub"
"PPP1R3A",6,122.113676424378,0.0126711160613418,11,"Other Functions","No","Non-Hub"
"THAP1",6,132.37131711238,0.0201499041184564,2,"Other Functions","No","Non-Hub"
"CABCOCO1",6,34.7577036497567,0.0103428714385402,7,"Other Functions","No","Non-Hub"
"RNF11",6,1.91833520217388,0.0877313652821436,5,"Other Functions","No","Non-Hub"
"ANKRD11",6,21.3777893874894,0.0465751672967067,2,"Other Functions","No","Non-Hub"
"MRPS23",6,739.274194634723,0.0021487507668548,1,"Other Functions","No","Non-Hub"
"PIGR",6,338.453546828764,0.0216791050784618,9,"Other Functions","No","Non-Hub"
"WAPL",6,13.4189153258141,0.0255717121732605,6,"Other Functions","No","Non-Hub"
"GPR37",6,161.112157137513,0.0406284106739948,12,"Other Functions","No","Non-Hub"
"SAV1",6,75.0578011059222,0.0696679094418647,10,"Other Functions","No","Non-Hub"
"SUGCT",6,849.683982300665,0.00552964621025931,10,"Other Functions","No","Non-Hub"
"VIPR1",6,200.113693817901,0.00906416039882697,7,"Other Functions","No","Non-Hub"
"HTRA1",6,15.2382946710009,0.047156784884211,5,"Other Functions","No","Non-Hub"
"RABL3",6,995.859608887654,0.0106138017152825,13,"Other Functions","No","Non-Hub"
"NBAS",6,407.07447036972,0.00332287498677954,13,"Other Functions","No","Non-Hub"
"EVI5",6,789.599155877331,0.00115993299583071,13,"Other Functions","No","Non-Hub"
"ASCC3",6,129.825051769218,0.00578835851182543,2,"Other Functions","No","Non-Hub"
"NHEJ1",6,84.5378735879111,0.0399411693951578,2,"Other Functions","No","Non-Hub"
"NAALADL1",6,88.7664178429894,0.0160037137587075,8,"Other Functions","No","Non-Hub"
"NPAS2",6,706,0.0600377965962181,5,"Other Functions","No","Non-Hub"
"ADGRE5",6,120.401134061316,0.0177722481747381,7,"Other Functions","No","Non-Hub"
"HSPB7",6,670.489356916579,0.0107530889235234,15,"Other Functions","No","Non-Hub"
"SLC22A15",6,223.284200317967,0.000949582425817073,19,"Other Functions","No","Non-Hub"
"SCIN",6,72.7200713293099,0.016413978221939,11,"Other Functions","No","Non-Hub"
"RASEF",6,195.310098846426,0.00699215345406505,9,"Other Functions","No","Non-Hub"
"SPAG16",6,154.252469739955,0.000549997437502931,1,"Other Functions","No","Non-Hub"
"PARP8",6,117.846800149568,0.00315345518414098,14,"Other Functions","No","Non-Hub"
"CKAP4",6,148.882367135487,0.00345684714024375,9,"Other Functions","No","Non-Hub"
"CLEC9A",6,0,0.0352456192976225,8,"Other Functions","No","Non-Hub"
"PPA2",6,132.250962661626,0.00334693289877898,9,"Other Functions","No","Non-Hub"
"FBXW4",6,120.351464630242,0.0396587640013443,5,"Other Functions","No","Non-Hub"
"XKR4",6,742.062207028951,0.00277677920980609,14,"Other Functions","No","Non-Hub"
"AFG1L",6,706,0.000778809161544095,9,"Other Functions","No","Non-Hub"
"RFX3",6,309.688187507098,0.000340080293557376,9,"Other Functions","No","Non-Hub"
"KCTD6",6,225.068459829064,0.0358205441298965,9,"Other Functions","No","Non-Hub"
"PLA2G5",6,80.2077425296399,0.0139080823953238,19,"Other Functions","No","Non-Hub"
"DOP1B",6,49.5019079386025,0.0207016476655692,7,"Other Functions","No","Non-Hub"
"MFSD2A",6,731.298745421245,0.00192260935993197,17,"Other Functions","No","Non-Hub"
"OLIG3",6,136.088904490411,0.00240874099316564,12,"Other Functions","No","Non-Hub"
"CDS1",6,14.5061131534967,0.0104968735873207,11,"Other Functions","No","Non-Hub"
"ZNF385B",6,335.111236467818,0.0147109634450672,5,"Other Functions","No","Non-Hub"
"MGAT5",6,1666.28328207082,0.0234850149252257,12,"Other Functions","No","Non-Hub"
"SLC26A9",6,247.990735602401,0.00588882699958468,19,"Other Functions","No","Non-Hub"
"QSOX2",6,200.40774524828,0.00819113608027917,2,"Other Functions","No","Non-Hub"
"OCIAD1",6,2331.96466864204,0.0728143396552832,12,"Other Functions","No","Non-Hub"
"CPLANE1",6,0,0.00155452552827889,13,"Other Functions","No","Non-Hub"
"IFT27",6,1472.00420400554,0.00143137081286367,13,"Other Functions","No","Non-Hub"
"TTC39C",6,1452.19628623815,0.00230652576022756,10,"Other Functions","No","Non-Hub"
"RECK",6,788.570502316244,0.00728737807789891,17,"Other Functions","No","Non-Hub"
"ELFN2",6,745.438603520175,0.00778808987459088,7,"Other Functions","No","Non-Hub"
"SLC28A3",6,492.991235102812,0.00444983431690356,19,"Other Functions","No","Non-Hub"
"IGF2BP3",6,719.956213556128,0.00787604201352104,11,"Other Functions","No","Non-Hub"
"SMOC2",6,3518.39153346653,0.011879209756472,17,"Other Functions","No","Non-Hub"
"PEAK1",6,1088.84516694204,0.00503148074499963,10,"Other Functions","No","Non-Hub"
"CFAP100",6,213.77731173844,0.00054363872945873,1,"Other Functions","No","Non-Hub"
"ROR1",6,63.1529223584947,0.0748309820669572,5,"Other Functions","No","Non-Hub"
"NMNAT3",6,422.544127759952,0.00585824661202218,3,"Other Functions","No","Non-Hub"
"CCR9",6,715.289867039145,0.0412049591337296,8,"Other Functions","No","Non-Hub"
"FBXO42",6,347.561957073122,0.0603747740090664,5,"Other Functions","No","Non-Hub"
"DNAJC1",6,285.085323058402,0.00118265400654303,1,"Other Functions","No","Non-Hub"
"FRMPD4",6,80.8128623260959,0.0142212859860302,11,"Other Functions","No","Non-Hub"
"VCX",6,139.711774775732,0.00549178679028832,12,"Other Functions","No","Non-Hub"
"SLC39A8",6,706,0.0227911444127271,8,"Other Functions","No","Non-Hub"
"ZFPM2",6,714.783126154659,0.0274977023220973,5,"Other Functions","No","Non-Hub"
"TF",6,20.7301555989226,0.0273345065367764,9,"Other Functions","No","Non-Hub"
"CALCRL",6,102.890264549017,0.0073146772674066,7,"Other Functions","No","Non-Hub"
"TBXAS1",6,41.7806704808278,0.0234729861981467,19,"Other Functions","No","Non-Hub"
"SESN1",6,39.8104057882541,0.0211680897625919,3,"Other Functions","No","Non-Hub"
"NFIC",6,0,0.113576349006423,5,"Other Functions","No","Non-Hub"
"VKORC1L1",6,183.544959946614,0.0045975043476126,11,"Other Functions","No","Non-Hub"
"CC2D2A",6,0,0.0015545255282789,13,"Other Functions","No","Non-Hub"
"SCHIP1",6,1510.95155472621,0.00582332968517223,10,"Other Functions","No","Non-Hub"
"GMNC",6,383.227843236543,0.000893194760175449,9,"Other Functions","No","Non-Hub"
"MEPE",6,826.140868573357,0.00903573969393113,17,"Other Functions","No","Non-Hub"
"PPM1L",6,115.610574033443,0.0181215896144116,15,"Other Functions","No","Non-Hub"
"B4GALT4",6,266.099499396896,0.000456618624464605,12,"Other Functions","No","Non-Hub"
"CYLC2",6,149.619192227744,0.000358947217272644,1,"Other Functions","No","Non-Hub"
"CLVS1",6,234.148718099175,0.00469565773426035,2,"Other Functions","No","Non-Hub"
"GFRA2",6,867.620553660142,0.021337645478224,14,"Other Functions","No","Non-Hub"
"ST3GAL1",6,501.654621066158,0.00167973109701086,12,"Other Functions","No","Non-Hub"
"GPR68",6,107.881468839533,0.0150360528549198,12,"Other Functions","No","Non-Hub"
"SVOP",6,969.916432930771,0.0116830633664545,17,"Other Functions","No","Non-Hub"
"SNX12",6,78.1569577298712,0.00643363342797089,9,"Other Functions","No","Non-Hub"
"SGTA",4,706,0.0470265157484583,5,"Other Functions","No","Non-Hub"
"GDAP1",4,182.134566812361,0.0050504843666448,3,"Other Functions","No","Non-Hub"
"PDHX",4,139.288949868459,0.000703337655492824,12,"Other Functions","No","Non-Hub"
"TBX15",4,25.2938205213496,0.00772966158038096,11,"Other Functions","No","Non-Hub"
"RFXAP",4,0,0.0526001543000131,11,"Other Functions","No","Non-Hub"
"BACH2",4,1857.04494176178,0.0340239340714785,10,"Other Functions","No","Non-Hub"
"PHF3",4,6.82448235888638,0.0235719116069364,2,"Other Functions","No","Non-Hub"
"ARL14EP",4,367.453068715747,0.00583640546625344,10,"Other Functions","No","Non-Hub"
"ATG10",4,0,0.00618308982587438,19,"Other Functions","No","Non-Hub"
"BARHL1",4,0,0.0110119823401188,12,"Other Functions","No","Non-Hub"
"MELK",4,706,5.20498330226194e-05,17,"Other Functions","No","Non-Hub"
"MYOZ2",4,51.638536182637,0.000797416933417122,15,"Other Functions","No","Non-Hub"
"HRK",4,0,0.0746059635902783,5,"Other Functions","No","Non-Hub"
"TAL2",4,0,0.0160943239526328,5,"Other Functions","No","Non-Hub"
"PDE9A",4,37.6199584986351,0.0202187451232775,7,"Other Functions","No","Non-Hub"
"NNT",4,27.4925939206784,0.00076726490235105,3,"Other Functions","No","Non-Hub"
"C3orf20",4,128.132488280296,0.000885310267394811,1,"Other Functions","No","Non-Hub"
"SPATA18",4,220.696041123543,0.00506013304642356,1,"Other Functions","No","Non-Hub"
"CCDC148",4,344.17200498129,0.00530633745882708,1,"Other Functions","No","Non-Hub"
"ZNF202",4,1410,0.00252418318988755,12,"Other Functions","No","Non-Hub"
"QPCT",4,143.556288839559,0.00355874565471943,19,"Other Functions","No","Non-Hub"
"JCHAIN",4,8.27942952051685,0.00469664874302306,9,"Other Functions","No","Non-Hub"
"GANC",4,0,0.0108707236099818,7,"Other Functions","No","Non-Hub"
"ZNF385D",4,165.760773392387,0.00392837106339243,1,"Other Functions","No","Non-Hub"
"TMEM40",4,706,0.00605830547441376,10,"Other Functions","No","Non-Hub"
"DPYSL4",4,54.4095059702203,0.00346491128514386,15,"Other Functions","No","Non-Hub"
"RBMS1",4,13.8882086286271,0.00126456730138186,9,"Other Functions","No","Non-Hub"
"SGMS1",4,48.8335011552339,0.00297326143595701,11,"Other Functions","No","Non-Hub"
"XYLT1",4,63.6009256020008,0.00453600005729291,10,"Other Functions","No","Non-Hub"
"P3H2",4,0,0.00371094865727197,10,"Other Functions","No","Non-Hub"
"P2RY1",4,0,0.0197995415578845,7,"Other Functions","No","Non-Hub"
"PPDPFL",4,36.6940014855506,0.000450517891613775,10,"Other Functions","No","Non-Hub"
"UGT2B17",4,0,0.0579585187462739,5,"Other Functions","No","Non-Hub"
"CLSTN1",4,34.1202840635244,0.00468834609222212,9,"Other Functions","No","Non-Hub"
"CNPY3",4,90.7083651146619,0.0113471779526576,2,"Other Functions","No","Non-Hub"
"TSPAN6",4,105.750840846597,0.0389048125784123,11,"Other Functions","No","Non-Hub"
"ZFAT",4,37.3071352837882,0.00156892751111742,14,"Other Functions","No","Non-Hub"
"SIPA1L3",4,1,0,4,"Other Functions","No","Non-Hub"
"TMTC2",4,174.920983743851,0.000896386762978897,9,"Other Functions","No","Non-Hub"
"NPTN",4,291.442940369361,0.00293973088321866,7,"Other Functions","No","Non-Hub"
"MSI2",4,706,5.20498330226106e-05,17,"Other Functions","No","Non-Hub"
"ADARB1",4,25.4248580527346,0.00407067714524828,7,"Other Functions","No","Non-Hub"
"ZNF618",4,0,0.00170413179698364,15,"Other Functions","No","Non-Hub"
"MAP4",4,8.32097448008916,0.00606469494060272,7,"Other Functions","No","Non-Hub"
"COQ8A",4,52.264507623454,0.00250262681079328,19,"Other Functions","No","Non-Hub"
"SIRPB1",4,361.865490734937,0.0055445873814149,10,"Other Functions","No","Non-Hub"
"TRPM3",4,96.5313118665077,0.00154414110461802,9,"Other Functions","No","Non-Hub"
"FUT10",4,385.546256159603,0.00270494047522032,12,"Other Functions","No","Non-Hub"
"ST8SIA5",4,4.52798392084106,0.000140492289342772,12,"Other Functions","No","Non-Hub"
"PLPPR1",4,385.584129342104,0.0018904675613805,1,"Other Functions","No","Non-Hub"
"KIAA1755",4,1410,0.00446968906816807,7,"Other Functions","No","Non-Hub"
"ABLIM2",4,42.170424168321,0.00777680574715725,3,"Other Functions","No","Non-Hub"
"ELMO2",4,12.5581857031857,0.00975741453167968,11,"Other Functions","No","Non-Hub"
"FGD6",4,102.319201387845,0.000595859971421657,1,"Other Functions","No","Non-Hub"
"ZNRF1",4,0,0.0544714484977523,5,"Other Functions","No","Non-Hub"
"TRIM27",4,61.9277259475449,0.043732195167637,11,"Other Functions","No","Non-Hub"
"NIPSNAP3B",4,81.4725984863771,0.00066785986555504,19,"Other Functions","No","Non-Hub"
"TESPA1",4,179.006002854304,0.00585452002708044,19,"Other Functions","No","Non-Hub"
"MAP3K20",4,40.0618790594081,0.00600181255519213,7,"Other Functions","No","Non-Hub"
"KIAA1671",4,72.7597553863256,6.27828803012016e-05,12,"Other Functions","No","Non-Hub"
"CASZ1",4,872.088484589208,0.0207649994858609,1,"Other Functions","No","Non-Hub"
"DNAH14",4,114.417047264619,0.000627652530538145,1,"Other Functions","No","Non-Hub"
"NEK1",4,17.0599204021785,0.00353767193935256,11,"Other Functions","No","Non-Hub"
"LDLRAD3",4,125.631533582796,0.0242506515067392,7,"Other Functions","No","Non-Hub"
"HEATR3",4,706,0.000685822479265858,6,"Other Functions","No","Non-Hub"
"RGL1",4,0,0.0597781485689735,5,"Other Functions","No","Non-Hub"
"FAR1",4,706,0.000166718308862582,12,"Other Functions","No","Non-Hub"
"TNNI1",4,121.031647373398,0.00137256901524681,15,"Other Functions","No","Non-Hub"
"IRAK1BP1",4,133.901340724897,0.00469590095864104,1,"Other Functions","No","Non-Hub"
"PDIK1L",4,67.5858933666204,0.00154964441986383,19,"Other Functions","No","Non-Hub"
"PALM2AKAP2",4,544.170073075276,0.00510460275896176,10,"Other Functions","No","Non-Hub"
"UBL3",4,22.3989711579981,0.0138769388149982,5,"Other Functions","No","Non-Hub"
"NOX5",4,170.471959776993,0.00605099783925217,10,"Other Functions","No","Non-Hub"
"CIT",4,32.7973427410033,0.00849531657486332,9,"Other Functions","No","Non-Hub"
"ANKRD28",4,0,0.0109098400938052,7,"Other Functions","No","Non-Hub"
"GRIK1-AS2",4,169.705714323953,0.00293172048475331,12,"Other Functions","No","Non-Hub"
"AFF3",4,149.519107757652,0.00858033969475438,12,"Other Functions","No","Non-Hub"
"DHRS9",4,0,0.0579585187462739,5,"Other Functions","No","Non-Hub"
"SLC4A10",4,20.1246416193549,0.00297329410176008,19,"Other Functions","No","Non-Hub"
"CSF2RA",4,78.0338807510449,0.0699243593870175,5,"Other Functions","No","Non-Hub"
"ZNF516",4,0,0.0246386998189161,5,"Other Functions","No","Non-Hub"
"ARFIP1",4,173.145895238233,5.9850343156192e-05,10,"Other Functions","No","Non-Hub"
"SPATA13",4,29.9771038521108,0.0140532089738941,8,"Other Functions","No","Non-Hub"
"EFHC2",4,706,9.45397791380222e-05,13,"Other Functions","No","Non-Hub"
"OXR1",4,0,0.0064974572879463,7,"Other Functions","No","Non-Hub"
"FAM135A",4,77.9269510789141,0.00112441822708542,15,"Other Functions","No","Non-Hub"
"SLC15A2",4,104.206401060723,0.00107377815076552,19,"Other Functions","No","Non-Hub"
"POU5F1P4",4,2.63312019094264,0.050109358768875,2,"Other Functions","No","Non-Hub"
"RANBP3L",4,706,0.000295215896204352,7,"Other Functions","No","Non-Hub"
"THUMPD2",4,706,0.00410796983425062,7,"Other Functions","No","Non-Hub"
"TMEM167A",4,216.31897794199,0.00218832179238936,12,"Other Functions","No","Non-Hub"
"GRAMD2B",4,706,0.000499179463549388,1,"Other Functions","No","Non-Hub"
"CTSV",4,0,0.0379317421511344,5,"Other Functions","No","Non-Hub"
"PCSK5",4,61.2108017298167,0.00990111220381754,2,"Other Functions","No","Non-Hub"
"SCAPER",4,42.7106576769802,0.000695511604859878,10,"Other Functions","No","Non-Hub"
"ZDHHC7",4,206.710220326557,0.000325456092526955,12,"Other Functions","No","Non-Hub"
"SPATS2L",4,118.357299975339,0.00323116029047115,3,"Other Functions","No","Non-Hub"
"TSPAN9",2,0,0,4,"Other Functions","No","Non-Hub"
"ADAM23",2,0,0,16,"Other Functions","No","Non-Hub"
"CEACAM1",2,0,0.00125970895037053,7,"Other Functions","No","Non-Hub"
"ATP8B4",2,0,0.00090563009444294,18,"Other Functions","No","Non-Hub"
"NEK4",2,0,0.00780172562629211,8,"Other Functions","No","Non-Hub"
"OR10G7",2,0,0.0075193076501506,7,"Other Functions","No","Non-Hub"
"NUAK1",2,0,0.00148557562971159,18,"Other Functions","No","Non-Hub"
"AGPS",2,0,1.09638588906976e-05,12,"Other Functions","No","Non-Hub"
"CRYBB1",2,0,0.000838728496474163,6,"Other Functions","No","Non-Hub"
"IKZF4",2,0,0.00553601635766145,7,"Other Functions","No","Non-Hub"
"ACKR4",2,0,0.00270975251981499,8,"Other Functions","No","Non-Hub"
"DENND6A",2,0,0.000736066758982328,9,"Other Functions","No","Non-Hub"
"SENP5",2,0,0.0206662813136394,8,"Other Functions","No","Non-Hub"
"DCLK2",2,0,0.0184413617945032,5,"Other Functions","No","Non-Hub"
"SRP68",2,0,0.000772979993837467,9,"Other Functions","No","Non-Hub"
"TMEM39A",2,0,7.6280414405153e-05,13,"Other Functions","No","Non-Hub"
"CLIC5",2,0,0.00503607482864896,2,"Other Functions","No","Non-Hub"
"CSNK1G1",2,0,0.0187279037666862,11,"Other Functions","No","Non-Hub"
"GDPD4",2,0,0.000479238216092935,17,"Other Functions","No","Non-Hub"
"UST",2,0,0.00168559216333318,10,"Other Functions","No","Non-Hub"
"ARMC12",2,0,0.000677700426786159,11,"Other Functions","No","Non-Hub"
"FRA10AC1",2,0,0.000587338585322963,6,"Other Functions","No","Non-Hub"
"PCDHGC3",2,0,0.00431226837528602,18,"Other Functions","No","Non-Hub"
"MT4",2,0,0.00149880893708496,8,"Other Functions","No","Non-Hub"
"UGT1A7",2,0,0.0111353805821795,5,"Other Functions","No","Non-Hub"
"HLX",2,0,0,20,"Other Functions","No","Non-Hub"
"BCAR3",2,0,0.0308608411307815,11,"Other Functions","No","Non-Hub"
"TMEM217",2,0,0.00103184515460178,13,"Other Functions","No","Non-Hub"
"KRTAP5-10",2,0,0,21,"Other Functions","No","Non-Hub"
"LRP12",2,0,0.0018083252531473,5,"Other Functions","No","Non-Hub"
"GPCPD1",2,0,0.000576332439264118,19,"Other Functions","No","Non-Hub"
"CEMIP2",2,0,0.0111381260829888,7,"Other Functions","No","Non-Hub"
"ZNF594",2,0,0.000512166414089287,7,"Other Functions","No","Non-Hub"
"TFPI",2,0,0.000848978726576346,6,"Other Functions","No","Non-Hub"
"C2CD4B",2,0,0.000507956659385118,6,"Other Functions","No","Non-Hub"
"SLC14A2",2,0,0.00070856818826061,19,"Other Functions","No","Non-Hub"
"DUSP21",2,0,6.2171983694983e-06,13,"Other Functions","No","Non-Hub"
"TBCK",2,0,0.00543656990183992,3,"Other Functions","No","Non-Hub"
"NIPAL2",2,0,0.00043012566849728,6,"Other Functions","No","Non-Hub"
"CPED1",2,0,0.000594215330357635,17,"Other Functions","No","Non-Hub"
"UGT3A1",2,0,1.94142170128708e-05,7,"Other Functions","No","Non-Hub"
"AGAP5",2,0,0.000270151502239252,7,"Other Functions","No","Non-Hub"
"GRAMD1C",2,0,3.28274275143031e-05,1,"Other Functions","No","Non-Hub"
"POC1A",2,0,6.69256131050802e-05,1,"Other Functions","No","Non-Hub"
"CRYBG1",2,0,0.00112077123587849,15,"Other Functions","No","Non-Hub"
"RCBTB1",2,0,0,22,"Other Functions","No","Non-Hub"
"SLC35F4",2,0,0.000276568666522202,19,"Other Functions","No","Non-Hub"
"PAN3",2,0,0.000330884143894282,10,"Other Functions","No","Non-Hub"
"AMMECR1",2,0,0.00251662119875284,6,"Other Functions","No","Non-Hub"
"HACE1",2,0,0.0011208421312962,11,"Other Functions","No","Non-Hub"
"TMEM182",2,0,0.00610547536079712,9,"Other Functions","No","Non-Hub"
"ZSWIM4",2,0,0.0290406627312872,5,"Other Functions","No","Non-Hub"
"PLAAT4",2,0,0.00309259424657923,5,"Other Functions","No","Non-Hub"
"METTL16",2,0,0.000558492564817014,13,"Other Functions","No","Non-Hub"
"ADAM2",2,0,0,16,"Other Functions","No","Non-Hub"
"LYZL4",2,0,0.00015636034757559,1,"Other Functions","No","Non-Hub"
"SHCBP1",2,0,3.42294153795521e-06,17,"Other Functions","No","Non-Hub"
"FBXO31",2,0,0.0290406627312872,5,"Other Functions","No","Non-Hub"
"RNLS",2,0,0.0262624869368393,8,"Other Functions","No","Non-Hub"
"OSTF1",2,0,0.0352226275512231,11,"Other Functions","No","Non-Hub"
"SLC25A26",2,0,0.000141307816518925,1,"Other Functions","No","Non-Hub"
"S100A10",2,0,0.00764669437713397,19,"Other Functions","No","Non-Hub"
"SLC44A5",2,0,0.000516730936333856,19,"Other Functions","No","Non-Hub"
"TOE1",2,0,0.00289953088499572,6,"Other Functions","No","Non-Hub"
"IL1RAPL2",2,0,0.00507637952793144,11,"Other Functions","No","Non-Hub"
"CSMD2",2,0,0.000398410989119587,10,"Other Functions","No","Non-Hub"
"DELEC1",2,0,0.00394825220145818,5,"Other Functions","No","Non-Hub"
"TNFSF15",2,0,0.0325060812041607,5,"Other Functions","No","Non-Hub"
"OR8B2",2,0,0.0075193076501506,7,"Other Functions","No","Non-Hub"
"HRH2",2,0,0.00751930765015061,7,"Other Functions","No","Non-Hub"
"NDUFAF5",2,0,0.0069352832849602,5,"Other Functions","No","Non-Hub"
"TMEM241",2,0,0,4,"Other Functions","No","Non-Hub"
"SEC14L1",2,0,0.000824434438717269,2,"Other Functions","No","Non-Hub"
"ARMC2",2,0,5.12166528572321e-05,9,"Other Functions","No","Non-Hub"
"CEP112",2,0,3.42294153795107e-06,17,"Other Functions","No","Non-Hub"
"LRRIQ1",2,0,1.0278419483878e-05,10,"Other Functions","No","Non-Hub"
"CIAPIN1",2,0,0.00436685834151922,8,"Other Functions","No","Non-Hub"
"HMBOX1",2,0,0,20,"Other Functions","No","Non-Hub"
"KRTAP10-4",2,0,0,21,"Other Functions","No","Non-Hub"
"BTBD3",2,0,0.000864246108599822,11,"Other Functions","No","Non-Hub"
"KIF26B",2,0,5.39539556470165e-05,12,"Other Functions","No","Non-Hub"
"KBTBD12",2,0,0.00466847402715122,3,"Other Functions","No","Non-Hub"
"SLC38A11",2,0,6.40979637246901e-05,19,"Other Functions","No","Non-Hub"
"SLC39A10",2,0,0.000126436129709215,17,"Other Functions","No","Non-Hub"
"IPCEF1",2,0,0.00307886920219101,11,"Other Functions","No","Non-Hub"
"TMEM68",2,0,0.000182608710672941,14,"Other Functions","No","Non-Hub"
"SLC35G2",2,0,4.95719236723211e-05,10,"Other Functions","No","Non-Hub"
"IRAG1",2,0,0.00183973139896146,7,"Other Functions","No","Non-Hub"
"L1TD1",2,0,0.000517950390947889,11,"Other Functions","No","Non-Hub"
"PLCXD2",2,0,0.00347537928285416,7,"Other Functions","No","Non-Hub"
"TTC39B",2,0,0.00153521296204346,11,"Other Functions","No","Non-Hub"
"TENM3",2,0,0.00543656990183992,3,"Other Functions","No","Non-Hub"
"FANCD2OS",2,0,0.000194790587539494,1,"Other Functions","No","Non-Hub"
"CCDC180",2,0,0.000838728496474164,6,"Other Functions","No","Non-Hub"
"FNDC3A",2,0,0,22,"Other Functions","No","Non-Hub"
"MINDY2",2,0,0.0404048820570764,5,"Other Functions","No","Non-Hub"
"CDIN1",2,0,0.00128307612639035,9,"Other Functions","No","Non-Hub"
"STMND1",2,0,0.0108873712392702,5,"Other Functions","No","Non-Hub"
"ZBTB7C",2,0,0.0179223588072691,8,"Other Functions","No","Non-Hub"
"PLCL2",2,0,0.000167176325769909,3,"Other Functions","No","Non-Hub"
"MTUS2",2,0,4.51015904494514e-05,6,"Other Functions","No","Non-Hub"
